"CN_ID","SQ_SQUARE"
1,"SV90"
1,"SV91"
1,"SW42"
1,"SW52"
1,"SW53"
1,"SW54"
1,"SW63"
1,"SW64"
1,"SW72"
1,"SW73"
1,"SW76"
1,"SW83"
1,"SW84"
1,"SW86"
1,"SW93"
1,"SW95"
1,"SW96"
1,"SX04"
1,"SX06"
1,"SX08"
1,"SX15"
1,"SX16"
1,"SX18"
1,"SX19"
1,"SS10"
1,"SX25"
1,"SX27"
1,"SS20"
1,"SS21"
1,"SX35"
1,"SX36"
1,"SX39"
1,"SS30"
1,"SS32"
1,"SX45"
1,"SX47"
1,"SS40"
1,"SS41"
1,"SS43"
1,"SS44"
1,"SX54"
1,"SX58"
1,"SX59"
1,"SS51"
1,"SS53"
1,"SS54"
1,"SX67"
1,"SX68"
1,"SS60"
1,"SS62"
1,"SS63"
1,"SX74"
1,"SX75"
1,"SX78"
1,"SS71"
1,"SS73"
1,"SS74"
1,"SX83"
1,"SX86"
1,"SX89"
1,"SS81"
1,"SS82"
1,"SS83"
1,"SX95"
1,"SX96"
1,"SX98"
1,"SS91"
1,"SS93"
1,"SS94"
1,"NX91"
1,"NX93"
1,"SY07"
1,"ST03"
1,"SD08"
1,"NY00"
1,"NY02"
1,"NY03"
1,"NY05"
1,"SY19"
1,"ST11"
1,"ST12"
1,"ST13"
1,"SD18"
1,"NY11"
1,"NY12"
1,"NY15"
1,"SY29"
1,"ST20"
1,"ST23"
1,"ST25"
2,"SO24"
1,"SO24"
2,"SJ22"
1,"SJ22"
1,"SJ29"
1,"SD23"
1,"SD26"
1,"SD28"
1,"NY20"
1,"NY23"
1,"NY24"
1,"NY25"
1,"ST30"
1,"ST31"
1,"ST33"
1,"ST34"
1,"SO35"
2,"SO36"
1,"SO36"
2,"SO39"
1,"SO39"
2,"SJ31"
1,"SJ31"
1,"SJ32"
1,"SJ38"
1,"SJ39"
1,"SD30"
1,"SD32"
1,"ST84"
1,"ST87"
1,"ST88"
1,"ST89"
1,"SO83"
1,"SO85"
1,"SO87"
1,"SO88"
1,"SJ82"
1,"SJ84"
1,"SJ86"
1,"SJ88"
1,"SJ89"
1,"SD82"
1,"SD83"
1,"SD84"
1,"SD86"
1,"SD88"
1,"NY82"
1,"NY83"
1,"NY84"
1,"NY89"
1,"NT80"
1,"SY97"
1,"SY98"
1,"SY99"
1,"ST92"
1,"ST94"
1,"ST95"
1,"ST97"
1,"SO90"
1,"SO92"
1,"SO93"
1,"SO95"
1,"SO96"
1,"SO98"
1,"SO99"
1,"SJ90"
1,"SJ94"
1,"SJ96"
1,"SJ97"
1,"SJ99"
1,"SD90"
1,"SD95"
1,"SD99"
1,"NY90"
1,"NY91"
1,"NY94"
1,"NY95"
1,"NY96"
1,"NY98"
1,"NY99"
1,"NT91"
1,"NT92"
1,"SU00"
1,"SU03"
1,"SU04"
1,"SU05"
1,"SU07"
1,"SU08"
1,"SU09"
1,"SP01"
1,"SP02"
1,"SK00"
1,"SK02"
1,"SK03"
1,"SK04"
1,"SK07"
1,"SK08"
1,"SE01"
1,"SE02"
1,"SE03"
1,"SE05"
1,"SE07"
1,"SE08"
1,"NZ01"
1,"NZ02"
1,"NZ03"
1,"NZ05"
1,"NZ08"
1,"NU00"
1,"NU01"
1,"NU02"
1,"NU04"
1,"NU05"
1,"SU13"
1,"SU14"
1,"SU15"
1,"SU19"
1,"SP10"
1,"SP12"
1,"SP13"
1,"SP15"
1,"SP17"
1,"SP18"
1,"SK14"
1,"SK15"
1,"SK17"
1,"SK18"
1,"SE10"
1,"SE13"
1,"SE14"
1,"SE16"
1,"SE18"
1,"NZ10"
1,"NZ12"
1,"NZ15"
1,"NZ18"
1,"NZ19"
1,"NU13"
1,"NU14"
1,"SZ28"
1,"SU22"
1,"SU24"
1,"SU26"
1,"SU27"
1,"SU28"
1,"SP20"
1,"SP22"
1,"SP25"
1,"SP28"
1,"SP29"
1,"SK21"
1,"SK22"
1,"SK23"
1,"SK26"
1,"SK28"
1,"SE22"
1,"SE23"
1,"SE27"
1,"SE28"
1,"NZ21"
1,"NZ23"
1,"NZ25"
1,"NZ26"
1,"NZ27"
1,"NU20"
1,"NU21"
1,"NU23"
1,"SZ39"
1,"SU30"
1,"SU32"
1,"SU34"
1,"SU35"
1,"SU39"
1,"SP30"
1,"SP34"
1,"SP35"
1,"SK30"
1,"SK31"
1,"SK33"
1,"SK35"
1,"SK36"
1,"SK38"
1,"SK39"
1,"SE31"
1,"SE33"
1,"SE34"
1,"SE38"
1,"SE39"
1,"NZ30"
1,"NZ32"
1,"NZ33"
1,"NZ35"
1,"NZ37"
1,"NZ38"
1,"SU41"
1,"SU42"
1,"SU45"
1,"SU47"
1,"SU49"
1,"SP41"
1,"SP43"
1,"SP44"
1,"SP48"
1,"SP49"
1,"SK41"
1,"SK43"
1,"SK44"
1,"SK46"
1,"SE40"
1,"SE44"
1,"SE46"
1,"SE47"
1,"SE49"
1,"NZ40"
1,"NZ43"
1,"NZ44"
1,"SZ57"
1,"SZ58"
1,"SZ59"
1,"SU51"
1,"SU54"
1,"SU56"
1,"SU59"
1,"SP50"
1,"SP52"
1,"SP53"
1,"SP56"
1,"SP59"
1,"SK51"
1,"SK52"
1,"SK53"
1,"SK55"
1,"SK57"
1,"SK58"
1,"SE51"
1,"SE55"
1,"SE56"
1,"SE58"
1,"NZ50"
1,"NZ52"
1,"SZ68"
1,"SU60"
1,"SU61"
1,"SU65"
1,"SU68"
1,"SP60"
1,"SP62"
1,"SP63"
1,"SP65"
1,"SP66"
1,"SP67"
1,"SP69"
1,"SK61"
1,"SK65"
1,"SK67"
1,"SK69"
1,"SE60"
1,"SE62"
1,"SE64"
1,"SE67"
1,"NZ60"
1,"NZ61"
1,"SZ79"
1,"SU70"
1,"SU71"
1,"SU74"
1,"SU75"
1,"SU76"
1,"SP70"
1,"SP72"
1,"SP73"
1,"SP75"
1,"SP76"
1,"SP79"
1,"SK70"
1,"SK73"
1,"SK74"
1,"SK75"
1,"SK78"
1,"SE70"
1,"SE72"
1,"SE74"
1,"SE75"
1,"NZ70"
1,"NZ72"
1,"SZ89"
1,"SU82"
1,"SU83"
1,"SU85"
1,"SU88"
1,"SU89"
1,"SP81"
1,"SP84"
1,"SP89"
1,"SK80"
1,"SK84"
1,"SK85"
1,"SK86"
1,"SK89"
1,"SE80"
1,"SE82"
1,"SE84"
1,"SE86"
1,"SE89"
1,"NZ80"
1,"SU90"
1,"SU92"
1,"SU93"
1,"SU94"
1,"SU96"
1,"SU98"
1,"SP91"
1,"SP92"
1,"SP93"
1,"SP95"
1,"SP98"
1,"SK90"
1,"SK91"
1,"SK96"
1,"SK99"
1,"SE91"
1,"SE93"
1,"SE94"
1,"SE95"
1,"SE97"
1,"SE98"
1,"SE99"
1,"NZ91"
1,"TQ01"
1,"TQ03"
1,"TQ06"
1,"TL00"
1,"TL01"
1,"TL02"
1,"TL04"
1,"TL06"
1,"TL07"
1,"TF02"
1,"TF03"
1,"TF06"
1,"TF07"
1,"TF08"
1,"TA00"
1,"TA01"
1,"TA04"
1,"TA06"
1,"TA09"
1,"TQ11"
1,"TQ13"
1,"TQ17"
1,"TQ18"
1,"TQ19"
1,"TL11"
1,"TL13"
1,"TL14"
1,"TL16"
1,"TL18"
1,"TF11"
1,"TF14"
1,"TF16"
1,"TF18"
1,"TF19"
1,"TA11"
1,"TA12"
1,"SD34"
1,"SD37"
1,"NY31"
1,"NY32"
1,"NY33"
1,"NY35"
3,"NY36"
1,"NY36"
1,"ST40"
1,"ST41"
1,"ST43"
1,"ST47"
1,"SO44"
1,"SO47"
1,"SO48"
1,"SJ40"
1,"SJ42"
1,"SJ47"
1,"SJ49"
1,"SD41"
1,"SD43"
1,"SD44"
1,"SD47"
1,"SD48"
1,"SD49"
1,"NY42"
1,"NY43"
1,"NY46"
1,"SY58"
1,"SY59"
1,"ST52"
1,"ST53"
1,"ST55"
1,"ST56"
2,"SO50"
1,"SO50"
1,"SO53"
1,"SO54"
1,"SO55"
1,"SO57"
1,"SJ50"
2,"SJ54"
1,"SJ54"
1,"SJ55"
1,"SJ58"
1,"SJ59"
1,"SD50"
1,"SD53"
1,"SD54"
1,"SD55"
1,"SD58"
1,"SD59"
1,"NY52"
1,"NY53"
1,"NY55"
1,"NY56"
1,"NY57"
1,"SY66"
1,"SY67"
1,"ST60"
1,"ST61"
1,"ST63"
1,"ST65"
1,"ST66"
1,"ST69"
1,"SO60"
1,"SO62"
1,"SO64"
1,"SO66"
1,"SO69"
1,"SJ60"
1,"SJ63"
1,"SJ66"
1,"SJ67"
1,"SJ69"
1,"SD64"
1,"SD67"
1,"SD68"
1,"NY60"
1,"NY63"
1,"NY64"
1,"NY68"
3,"NY69"
1,"NY69"
1,"SY77"
1,"SY79"
1,"ST70"
1,"ST73"
1,"ST74"
1,"ST75"
1,"ST78"
1,"ST79"
1,"SO73"
1,"SO74"
1,"SO79"
1,"SJ71"
1,"SJ73"
1,"SJ75"
1,"SJ76"
1,"SD70"
1,"SD71"
1,"SD73"
1,"SD74"
1,"SD75"
1,"SD77"
1,"SD79"
1,"NY71"
1,"NY74"
1,"NY75"
1,"NY77"
1,"NY79"
1,"SY88"
1,"ST81"
1,"ST83"
3,"NH55"
3,"NH56"
3,"NH59"
3,"NC51"
3,"NC53"
3,"NC56"
3,"NX64"
3,"NX65"
3,"NX67"
3,"NX68"
3,"NS61"
3,"NS62"
3,"NS64"
3,"NS66"
3,"NS69"
3,"NN62"
3,"NN64"
3,"NN66"
3,"NN67"
3,"NH61"
3,"NH62"
3,"NH63"
3,"NH66"
3,"NH67"
3,"NC60"
3,"NC63"
3,"NC64"
3,"NC65"
3,"NX74"
3,"NX76"
3,"NX77"
3,"NX79"
3,"NS70"
3,"NS72"
3,"NS74"
3,"NS75"
3,"NS79"
3,"NN70"
3,"NN71"
3,"NN74"
3,"NN75"
3,"NN79"
3,"NH71"
3,"NH74"
3,"NH75"
3,"NH79"
3,"NC70"
3,"NC71"
3,"NC73"
3,"NC74"
3,"NC76"
3,"NX85"
3,"NX86"
3,"NX88"
3,"NX89"
3,"NS80"
3,"NS83"
3,"NS84"
3,"NS85"
3,"NS88"
3,"NS89"
3,"NN85"
3,"NN87"
3,"NN88"
3,"NN89"
3,"NH82"
3,"NH83"
3,"NH84"
3,"NH86"
3,"NH87"
3,"NH89"
3,"NC82"
3,"NC83"
3,"NC85"
3,"NC86"
3,"NX96"
3,"NX98"
3,"NX99"
3,"NS94"
3,"NS97"
3,"NS98"
3,"NN94"
3,"NN96"
3,"NN98"
3,"NN99"
3,"NH91"
3,"NH92"
3,"NH93"
3,"NH95"
3,"NH96"
3,"NH97"
3,"NC90"
3,"NC94"
3,"NC95"
3,"NY09"
3,"NT00"
3,"NT01"
3,"NT05"
3,"NT06"
3,"NT09"
3,"NO00"
3,"NO03"
3,"NO05"
3,"NJ00"
3,"NJ02"
3,"NJ03"
3,"NJ05"
3,"NJ06"
3,"ND01"
3,"ND03"
3,"ND05"
3,"ND06"
3,"NY16"
1,"NY16"
3,"NY17"
3,"NY19"
3,"NT13"
3,"NT15"
3,"NT17"
3,"NT19"
3,"NO10"
3,"NO12"
3,"NO13"
3,"NO18"
3,"NJ10"
3,"NJ11"
3,"NJ14"
3,"NJ15"
3,"NJ17"
3,"ND14"
3,"ND17"
3,"ND19"
3,"NY26"
1,"NY26"
3,"NY29"
3,"NT20"
3,"NT22"
3,"NT25"
3,"NT26"
3,"NT29"
3,"NO21"
3,"NO22"
3,"NO24"
3,"NO25"
3,"NO28"
3,"NO29"
3,"NJ20"
3,"NJ22"
3,"NJ25"
3,"NJ27"
3,"ND23"
3,"ND25"
3,"ND27"
3,"ND28"
3,"NY37"
1,"NY37"
3,"NY38"
3,"NT30"
3,"NT32"
3,"NT33"
3,"NT37"
3,"NT39"
3,"NO30"
3,"NO33"
3,"NO34"
3,"NO38"
3,"NJ30"
3,"NJ34"
3,"NJ36"
3,"ND34"
3,"ND35"
3,"ND36"
3,"NY49"
3,"NT40"
3,"NT41"
3,"NT43"
3,"NT45"
3,"NT48"
3,"NT49"
3,"NO40"
3,"NO42"
3,"NO44"
3,"NO46"
3,"NO49"
3,"NJ40"
3,"NJ44"
3,"NJ46"
3,"ND49"
3,"NY59"
1,"NY59"
3,"NT52"
3,"NT53"
3,"NT54"
3,"NT57"
3,"NT58"
3,"NO50"
3,"NO52"
3,"NO54"
3,"NO55"
3,"NO56"
3,"NO59"
3,"NJ50"
3,"NJ51"
3,"NJ54"
3,"ND59"
3,"NT61"
3,"NT63"
3,"NT67"
3,"NT68"
3,"NO63"
3,"NO66"
3,"NO69"
3,"NJ61"
3,"NJ62"
3,"NJ63"
3,"NT72"
3,"NT73"
1,"NT73"
3,"NT76"
3,"NO76"
3,"NO77"
3,"NO78"
3,"NJ70"
3,"NJ71"
3,"NJ72"
3,"NJ75"
3,"NJ76"
3,"NT82"
1,"NT82"
3,"NT85"
3,"NT87"
3,"NO89"
3,"NJ80"
3,"NJ81"
3,"NJ83"
3,"NJ86"
3,"NO99"
3,"NJ92"
3,"NJ95"
3,"NJ96"
3,"NK03"
3,"NK04"
3,"NK05"
3,"NK13"
3,"NK14"
3,"HY21"
3,"HY23"
3,"HT29"
3,"HY32"
3,"HY33"
3,"HY34"
3,"HY40"
3,"HY41"
3,"HT49"
3,"HY50"
3,"HY51"
3,"HY55"
3,"HY62"
3,"HY64"
3,"HY73"
3,"HT93"
3,"HZ16"
3,"HZ17"
3,"HU15"
3,"HU16"
3,"HZ27"
3,"HU25"
3,"HU30"
3,"HU31"
3,"HU34"
3,"HU37"
3,"HU40"
3,"HU41"
3,"HU43"
3,"HU46"
3,"HU47"
3,"HU49"
3,"HP40"
3,"HU53"
3,"HU56"
3,"HU57"
3,"HP50"
3,"HU67"
3,"HP60"
3,"HP61"
3,"HU77"
4,"WV28"
4,"WV38"
4,"WV55"
4,"WV64"
4,"WA60"
6,"Q20"
6,"V39"
6,"V43"
6,"V45"
6,"V49"
6,"Q40"
6,"V54"
6,"V55"
6,"Q51"
6,"L56"
6,"L57"
6,"F52"
6,"V64"
6,"V69"
6,"L63"
6,"L64"
6,"L67"
6,"F60"
6,"F62"
6,"F63"
6,"F64"
6,"V75"
6,"V77"
6,"Q70"
6,"Q72"
6,"L71"
6,"L73"
6,"L74"
6,"L76"
6,"F70"
6,"F71"
6,"F74"
6,"V82"
6,"V88"
6,"Q80"
6,"Q81"
6,"Q83"
6,"Q86"
6,"L84"
6,"L85"
6,"L89"
6,"F80"
6,"V92"
6,"V94"
6,"V95"
6,"V98"
6,"Q94"
6,"Q95"
6,"Q97"
1,"TA13"
1,"TA16"
1,"TA18"
1,"TQ21"
1,"TQ24"
1,"TL21"
1,"TL22"
1,"TL23"
1,"TL25"
1,"TL26"
1,"TL28"
1,"TF20"
1,"TF21"
1,"TF24"
1,"TF25"
1,"TF28"
1,"TA20"
1,"TA21"
1,"TA22"
1,"TA25"
1,"TA26"
1,"TQ30"
1,"TQ34"
1,"TQ37"
1,"TL31"
1,"TL33"
1,"TL34"
1,"TL35"
1,"TL37"
1,"TF31"
1,"TF32"
1,"TF35"
1,"TF36"
1,"TF37"
1,"TA30"
1,"TA32"
1,"TV49"
1,"TQ43"
1,"TQ44"
1,"TQ47"
1,"TQ48"
1,"TL40"
1,"TL42"
1,"TL45"
1,"TL47"
1,"TL48"
1,"TL49"
1,"TF42"
1,"TF43"
1,"TF46"
1,"TF49"
1,"TA40"
1,"TA41"
1,"TV59"
1,"TQ50"
1,"TQ52"
1,"TQ56"
1,"TQ57"
1,"TQ59"
1,"TL51"
1,"TL52"
1,"TL57"
1,"TF50"
1,"TF55"
1,"TF56"
1,"TF57"
1,"TV69"
1,"TQ60"
1,"TQ62"
1,"TQ64"
1,"TQ65"
1,"TQ68"
1,"TQ69"
1,"TL61"
1,"TL63"
1,"TL65"
1,"TL66"
1,"TF60"
1,"TF63"
1,"TF64"
1,"TQ70"
1,"TQ72"
1,"TQ74"
1,"TQ77"
1,"TL70"
1,"TL71"
1,"TL72"
1,"TL75"
1,"TL76"
1,"TL78"
1,"TF70"
1,"TF71"
1,"TF72"
1,"TQ80"
1,"TQ81"
1,"TQ86"
1,"TQ87"
1,"TL80"
1,"TL83"
1,"TL84"
1,"TL86"
1,"TL87"
1,"TL88"
1,"TF80"
1,"TF81"
1,"TF83"
1,"TQ92"
1,"TQ93"
1,"TQ94"
1,"TQ96"
1,"TQ98"
1,"TL90"
1,"TL93"
1,"TL96"
1,"TL99"
1,"TF90"
1,"TF93"
1,"TF94"
1,"TR02"
1,"TR04"
1,"TR07"
1,"TR08"
1,"TM00"
1,"TM03"
1,"TM04"
1,"TM06"
1,"TM07"
1,"TG00"
1,"TG03"
1,"TR13"
1,"TR15"
1,"TR16"
1,"TM13"
1,"TM14"
1,"TM17"
1,"TM18"
1,"TM19"
1,"TG11"
1,"TG14"
1,"TR24"
1,"TR25"
1,"TR26"
1,"TM22"
1,"TM23"
1,"TM25"
1,"TG20"
1,"TG22"
1,"TG23"
1,"TG24"
1,"TR36"
1,"TM33"
1,"TM37"
1,"TM38"
1,"TG30"
1,"TG32"
1,"TG33"
1,"TM45"
1,"TM48"
1,"TG41"
1,"TG42"
1,"TM59"
2,"SM40"
2,"SM60"
2,"SM70"
2,"SM71"
2,"SM73"
2,"SR89"
2,"SM81"
2,"SM82"
2,"SR99"
2,"SM90"
2,"SM91"
2,"SS09"
2,"SN00"
2,"SN01"
2,"SN04"
2,"SS19"
2,"SN13"
2,"SH12"
2,"SN20"
2,"SN21"
2,"SN22"
2,"SN25"
2,"SH23"
2,"SH27"
2,"SH29"
2,"SN30"
2,"SN31"
2,"SN35"
2,"SH32"
2,"SH33"
2,"SH37"
2,"SH38"
2,"SS48"
2,"SS49"
2,"SN41"
2,"SN43"
2,"SH43"
2,"SH46"
2,"SH47"
2,"SH49"
2,"SS58"
2,"SN52"
2,"SN53"
2,"SN54"
2,"SN56"
2,"SN57"
2,"SH51"
2,"SH53"
2,"SH54"
2,"SH56"
2,"SH57"
2,"SH58"
2,"SS69"
2,"SN60"
2,"SN62"
2,"SN67"
2,"SH60"
2,"SH61"
2,"SH62"
2,"SH66"
2,"SH67"
2,"SS77"
2,"SS79"
2,"SN71"
2,"SN72"
2,"SN73"
2,"SN76"
2,"SN77"
2,"SH70"
2,"SH72"
2,"SH73"
2,"SH77"
2,"SH78"
2,"SS87"
2,"SS89"
2,"SN81"
2,"SN85"
2,"SN87"
2,"SN89"
2,"SH81"
2,"SH82"
2,"SH84"
2,"SH85"
2,"SH88"
2,"SS96"
2,"SS98"
2,"SN90"
2,"SN91"
2,"SN93"
2,"SN95"
2,"SN96"
2,"SN98"
2,"SH90"
2,"SH92"
2,"SH94"
2,"ST08"
2,"ST09"
2,"SO00"
2,"SO02"
2,"SO03"
2,"SO07"
2,"SO09"
2,"SJ00"
2,"SJ02"
2,"SJ03"
2,"SJ05"
2,"SJ08"
2,"ST16"
2,"ST19"
2,"SO14"
2,"SO15"
2,"SO16"
2,"SO18"
1,"SO18"
2,"SJ10"
2,"SJ11"
2,"SJ13"
2,"SJ15"
2,"SJ16"
2,"SJ18"
1,"SJ18"
2,"ST27"
2,"SO22"
1,"SO22"
2,"SO23"
1,"SO23"
2,"SO29"
1,"SO29"
2,"SJ20"
1,"SJ20"
2,"SJ21"
1,"SJ21"
2,"SJ25"
2,"SJ26"
2,"SJ27"
1,"SJ27"
2,"SO32"
1,"SO32"
2,"SJ35"
1,"SJ35"
2,"ST48"
2,"ST49"
3,"NF09"
3,"NA00"
3,"NF19"
3,"NL57"
3,"NL58"
3,"NF58"
3,"NF61"
3,"NF66"
3,"NF67"
3,"NL79"
3,"NF70"
3,"NF73"
3,"NF74"
3,"NF75"
3,"NF77"
3,"NF81"
3,"NF82"
3,"NF84"
3,"NF87"
3,"NF88"
3,"NL93"
3,"NL94"
3,"NF98"
3,"NA91"
3,"NA93"
3,"NM05"
3,"NG08"
3,"NG09"
3,"NB02"
3,"NB03"
3,"NM10"
3,"NM14"
3,"NG10"
3,"NG14"
3,"NG18"
3,"NG19"
3,"NB11"
3,"NR25"
3,"NR26"
3,"NM21"
3,"NM25"
3,"NM29"
3,"NG20"
3,"NG24"
3,"NG26"
3,"NB22"
3,"NB24"
3,"NB25"
3,"NR37"
3,"NR38"
3,"NM31"
3,"NM34"
3,"NM35"
3,"NM38"
3,"NM39"
3,"NG31"
3,"NG34"
3,"NG39"
3,"NB30"
3,"NB33"
3,"NB34"
3,"NR44"
3,"NR46"
3,"NR48"
3,"NM40"
3,"NM41"
3,"NM43"
3,"NM46"
3,"NM49"
3,"NG42"
3,"NG43"
3,"NG44"
3,"NG49"
3,"NB40"
3,"NB41"
3,"NB45"
3,"NR51"
3,"NR56"
3,"NR57"
3,"NM51"
3,"NM52"
3,"NM53"
3,"NM55"
3,"NM56"
3,"NM59"
3,"NG51"
3,"NG56"
3,"NB52"
3,"NB53"
3,"NB56"
3,"NR60"
3,"NR62"
3,"NR64"
3,"NR68"
3,"NR69"
3,"NM60"
3,"NM64"
3,"NM65"
3,"NM67"
3,"NG60"
3,"NG61"
3,"NG63"
3,"NG64"
3,"NG65"
3,"NR72"
3,"NR76"
3,"NR77"
3,"NR78"
3,"NM71"
3,"NM75"
3,"NM77"
3,"NM78"
3,"NG70"
3,"NG71"
3,"NG72"
3,"NG74"
3,"NG75"
3,"NG77"
3,"NR82"
3,"NR84"
3,"NR86"
3,"NR88"
3,"NM80"
3,"NM82"
3,"NM85"
3,"NM89"
3,"NG80"
3,"NG84"
3,"NG85"
3,"NG88"
3,"NW95"
3,"NW96"
3,"NR92"
3,"NR93"
3,"NR96"
3,"NR97"
3,"NR98"
3,"NM90"
3,"NM91"
3,"NM92"
3,"NM95"
3,"NM96"
3,"NM99"
3,"NG93"
3,"NG98"
3,"NG99"
3,"NB91"
3,"NX03"
3,"NX04"
3,"NX08"
3,"NX09"
3,"NS02"
3,"NS03"
3,"NS05"
3,"NS07"
3,"NS08"
3,"NN00"
3,"NN03"
3,"NN04"
3,"NN07"
3,"NN08"
3,"NH00"
3,"NH02"
3,"NH07"
3,"NH08"
3,"NH09"
3,"NC02"
3,"NX14"
3,"NX16"
3,"NX17"
3,"NX18"
3,"NS10"
3,"NS14"
3,"NS18"
3,"NS19"
3,"NN11"
3,"NN15"
3,"NN16"
3,"NN18"
3,"NN19"
3,"NH11"
3,"NH12"
3,"NH13"
3,"NH15"
3,"NH19"
3,"NC13"
3,"NC14"
3,"NC16"
3,"NX24"
3,"NX25"
3,"NX28"
3,"NX29"
3,"NS20"
3,"NS22"
3,"NS26"
3,"NS28"
3,"NS29"
3,"NN22"
3,"NN23"
3,"NN26"
3,"NN28"
3,"NH20"
3,"NH23"
3,"NH25"
3,"NH26"
3,"NH29"
3,"NC20"
3,"NC22"
3,"NC24"
3,"NC26"
3,"NC27"
3,"NX34"
3,"NX38"
3,"NS30"
3,"NS33"
3,"NS34"
3,"NS35"
3,"NS37"
3,"NS38"
3,"NS39"
3,"NN32"
3,"NN33"
3,"NN35"
3,"NN37"
3,"NN38"
3,"NH32"
3,"NH36"
3,"NH37"
3,"NH38"
3,"NC31"
3,"NC32"
3,"NC34"
3,"NC36"
3,"NC37"
3,"NX46"
3,"NX49"
3,"NS40"
3,"NS42"
3,"NS43"
3,"NS46"
3,"NN40"
3,"NN41"
3,"NN44"
3,"NN45"
3,"NN49"
3,"NH41"
3,"NH44"
3,"NH45"
3,"NH46"
3,"NH48"
3,"NH49"
3,"NC41"
3,"NC42"
3,"NC43"
3,"NC46"
3,"NX56"
3,"NX58"
3,"NS50"
3,"NS51"
3,"NS52"
3,"NS55"
3,"NS56"
3,"NS57"
3,"NN50"
3,"NN54"
3,"NN55"
3,"NN58"
3,"NH50"
3,"NH51"
3,"NH52"
6,"L93"
6,"L95"
6,"L97"
6,"F90"
6,"F93"
6,"W05"
6,"W06"
6,"R01"
6,"R02"
6,"R07"
6,"R09"
6,"M02"
6,"M04"
6,"G00"
6,"G02"
6,"W12"
6,"W13"
6,"W15"
6,"W19"
6,"R11"
6,"R14"
6,"R17"
6,"M13"
6,"M15"
6,"G10"
6,"G12"
6,"W22"
6,"W27"
6,"W28"
6,"R21"
6,"R25"
6,"R26"
6,"M20"
6,"M21"
6,"M25"
6,"M27"
6,"M29"
6,"G21"
6,"W33"
6,"W34"
6,"W38"
6,"W39"
6,"R30"
6,"R38"
6,"M31"
6,"M32"
6,"M34"
6,"M39"
6,"G30"
6,"G32"
6,"W43"
6,"W48"
6,"R41"
6,"R42"
6,"R45"
6,"M40"
6,"M41"
6,"M46"
6,"M47"
6,"G43"
6,"G48"
6,"W53"
6,"W55"
6,"W56"
6,"R51"
6,"R53"
6,"R56"
6,"R57"
6,"M51"
6,"M54"
6,"M55"
6,"M59"
6,"G54"
6,"G57"
6,"G59"
6,"W63"
6,"R61"
6,"R63"
6,"R66"
6,"R68"
6,"M62"
6,"M64"
6,"G61"
6,"G62"
6,"B60"
6,"B61"
6,"W77"
6,"R70"
6,"R71"
6,"R73"
6,"R77"
6,"R78"
6,"M72"
6,"M73"
6,"M77"
6,"M79"
6,"G73"
6,"G74"
6,"G77"
6,"B70"
6,"B72"
6,"W85"
6,"W89"
6,"R82"
6,"R87"
6,"R88"
6,"S81"
6,"S87"
6,"S88"
6,"N80"
6,"N81"
6,"N86"
6,"H80"
6,"H81"
5,"H81"
6,"X99"
6,"S90"
6,"S94"
6,"S98"
6,"N90"
6,"N93"
6,"N97"
6,"T00"
6,"T01"
6,"T03"
6,"T05"
6,"T07"
6,"O01"
6,"O02"
6,"O05"
6,"O06"
6,"J01"
5,"J01"
6,"T13"
6,"T14"
6,"T18"
6,"T19"
6,"O15"
6,"O17"
6,"O18"
6,"J10"
6,"T24"
6,"O22"
6,"O24"
6,"O25"
6,"J21"
5,"J21"
6,"T38"
6,"O31"
6,"O33"
6,"H04"
5,"H04"
5,"H14"
6,"H18"
5,"H18"
5,"H24"
5,"H25"
6,"H28"
5,"H28"
5,"H36"
5,"H38"
5,"H44"
5,"H45"
5,"H49"
5,"H57"
5,"H58"
6,"C52"
5,"C52"
6,"H65"
5,"H65"
5,"H67"
5,"C61"
6,"C63"
5,"C63"
5,"H75"
5,"H76"
5,"C70"
5,"H83"
5,"H85"
5,"H86"
5,"H89"
5,"C82"
5,"H93"
5,"H95"
5,"H97"
5,"C90"
5,"C91"
5,"J02"
5,"J06"
5,"J07"
5,"D00"
5,"D03"
5,"D04"
5,"J14"
5,"J16"
5,"D10"
5,"D13"
5,"D15"
5,"J24"
5,"J25"
5,"J29"
5,"D21"
5,"D23"
5,"D24"
5,"J33"
5,"D30"
5,"D31"
5,"J43"
5,"J44"
5,"J47"
5,"J53"
5,"J57"
5,"J64"
5,"J66"
5,"J67"
7,"SC16"
7,"SC27"
7,"SC38"
7,"SC39"
7,"SC48"
7,"SC49"
7,"NX40"
3,"OA51"
4,"WV62"
1,"TF53"
1,"TF54"
3,"HX62"
3,"HW83"
6,"R89"
6,"M85"
6,"M87"
6,"M88"
6,"G81"
6,"G84"
6,"G87"
6,"G89"
6,"B81"
6,"W98"
6,"R90"
6,"R91"
6,"R92"
6,"R95"
6,"M92"
6,"M94"
6,"M96"
6,"M97"
6,"G90"
6,"G93"
6,"G94"
5,"G94"
6,"G98"
6,"G99"
6,"X08"
6,"S00"
6,"S02"
6,"S04"
6,"S07"
6,"S09"
6,"N03"
6,"N08"
6,"H02"
5,"H02"
6,"H07"
5,"H07"
6,"H09"
6,"C01"
6,"C02"
6,"X18"
6,"S11"
6,"S15"
6,"S18"
6,"N12"
6,"N13"
6,"N16"
6,"N18"
6,"N19"
6,"H11"
6,"H12"
5,"H12"
6,"C11"
6,"C12"
6,"X27"
6,"X28"
6,"S20"
6,"S21"
6,"S23"
6,"S26"
6,"S27"
6,"S29"
6,"N21"
6,"N24"
6,"N26"
6,"N27"
6,"N29"
6,"H20"
6,"C20"
6,"C22"
6,"C23"
6,"X36"
6,"X38"
6,"S32"
6,"S34"
6,"S35"
6,"S37"
6,"N30"
6,"N31"
6,"N33"
6,"N34"
6,"N35"
6,"N39"
6,"H31"
5,"H31"
6,"C30"
5,"C30"
6,"C33"
6,"C34"
6,"S40"
6,"S43"
6,"S44"
6,"S46"
6,"S49"
6,"N40"
6,"N42"
6,"N44"
6,"N46"
6,"N49"
6,"H40"
6,"C42"
5,"C42"
6,"C43"
6,"C46"
6,"S50"
6,"S51"
6,"S53"
6,"S54"
6,"S57"
6,"S59"
6,"N51"
6,"N52"
6,"N54"
6,"N58"
6,"N59"
6,"H52"
5,"H52"
6,"H53"
5,"H53"
6,"C55"
6,"S60"
6,"S61"
6,"S63"
6,"S64"
6,"S67"
6,"N60"
6,"N62"
6,"N64"
6,"N67"
6,"N68"
6,"H60"
6,"H61"
6,"H63"
6,"X79"
6,"S70"
6,"S71"
6,"S74"
6,"S76"
6,"S79"
6,"N71"
6,"N72"
6,"N74"
6,"N78"
6,"N79"
6,"H72"
5,"H72"
1,"TG40"
2,"SN11"
2,"SN23"
2,"SN45"
2,"SN78"
2,"SN86"
2,"SO05"
1,"SP45"
3,"HP51"
6,"Q31"
6,"Q63"
6,"L68"
6,"N01"
6,"H01"
6,"S16"
1,"NX90"
1,"SY08"
1,"ST14"
1,"SY39"
2,"SJ33"
1,"SJ33"
1,"SO89"
1,"SD87"
1,"NY87"
1,"SJ91"
1,"SD91"
1,"NY93"
3,"NT94"
1,"NT94"
1,"SP05"
1,"SU10"
1,"SK13"
1,"NZ14"
1,"SP21"
1,"SK27"
1,"NZ29"
1,"SK34"
1,"SU48"
1,"SE73"
1,"SU87"
2,"SO42"
1,"SO42"
2,"SJ43"
1,"SJ43"
1,"SJ62"
1,"SO70"
1,"SJ78"
1,"NY70"
3,"NC52"
3,"NH88"
3,"NS92"
3,"NY07"
3,"NO04"
3,"ND04"
3,"NT47"
3,"ND47"
3,"NO51"
3,"NO57"
3,"NO61"
3,"NT77"
3,"HY30"
3,"HU24"
6,"Q62"
1,"TQ29"
1,"TQ32"
1,"TA33"
1,"TF47"
1,"TL50"
1,"TF52"
1,"TL94"
1,"TM08"
1,"TG13"
1,"TM21"
1,"TG50"
2,"SN40"
2,"SN65"
2,"SH80"
2,"SN92"
2,"SH91"
3,"NB13"
3,"NR47"
3,"NR83"
3,"NG87"
6,"F92"
6,"R00"
1,"TR05"
1,"TM02"
1,"TM09"
1,"TR37"
1,"TM46"
1,"TM57"
2,"SN10"
2,"SH22"
2,"SS39"
2,"SH36"
2,"SS97"
2,"SN97"
2,"SH98"
2,"SJ06"
2,"SO19"
2,"ST38"
3,"NF85"
3,"NM04"
3,"NM23"
3,"NR35"
3,"NG33"
3,"NR45"
3,"NR59"
3,"NR63"
3,"NR73"
3,"NM87"
3,"NN01"
3,"NC03"
3,"NS17"
3,"NH17"
3,"NN20"
3,"NX37"
3,"NN36"
3,"NX45"
3,"NS49"
3,"NX57"
6,"G01"
6,"W14"
6,"R13"
6,"R16"
6,"W26"
6,"R32"
6,"W47"
6,"R55"
6,"M58"
6,"W65"
6,"M66"
6,"G64"
6,"W75"
6,"M75"
6,"S86"
6,"N85"
6,"T04"
6,"O07"
6,"T29"
5,"H27"
5,"H33"
5,"H47"
5,"C72"
5,"C92"
7,"SC17"
6,"V91"
6,"R97"
6,"B90"
6,"N06"
6,"C03"
6,"N57"
6,"N61"
6,"N76"
1,"SW44"
1,"SW82"
1,"SX03"
1,"SX37"
1,"SX56"
6,"M07"
6,"R19"
6,"M17"
6,"W24"
6,"R34"
6,"M30"
6,"G33"
6,"M49"
6,"G51"
6,"G70"
6,"G72"
6,"B71"
6,"S99"
6,"O13"
6,"O20"
6,"G95"
5,"G95"
5,"H46"
5,"C71"
5,"J05"
5,"J09"
5,"J23"
5,"J32"
5,"J45"
5,"J56"
6,"G85"
5,"G85"
6,"R96"
6,"M93"
6,"G96"
5,"G96"
6,"B94"
6,"S08"
6,"H08"
5,"H08"
6,"N11"
1,"SW33"
1,"SW97"
1,"SX29"
1,"SS31"
1,"SX65"
1,"SX77"
1,"SX88"
1,"ST04"
1,"SY18"
1,"SD21"
2,"ST37"
1,"ST37"
1,"SO82"
1,"SD80"
1,"SZ07"
1,"NZ07"
1,"SE19"
1,"SZ29"
1,"SP26"
1,"SE20"
1,"SP37"
1,"SZ47"
1,"SK47"
1,"SK56"
1,"SE65"
1,"SK79"
1,"SU81"
1,"SP85"
1,"SK88"
1,"SK94"
1,"TQ08"
1,"TF04"
1,"TL12"
1,"ST45"
1,"SD40"
1,"NY44"
1,"ST68"
1,"SO67"
1,"SD60"
1,"NY67"
1,"SJ74"
3,"NT70"
1,"NT70"
3,"NS63"
3,"NS73"
3,"NS87"
3,"NN97"
3,"NY08"
3,"NT16"
3,"NO14"
3,"NJ16"
3,"ND26"
3,"NO32"
3,"NJ32"
3,"ND39"
3,"NO47"
3,"ND48"
3,"NT56"
3,"NJ53"
3,"NO67"
3,"NT86"
3,"NJ94"
3,"HY54"
3,"HU27"
3,"HU44"
3,"HU55"
6,"L55"
6,"Q61"
6,"L80"
6,"L88"
6,"Q90"
1,"TQ35"
1,"TF39"
1,"TQ49"
1,"TF45"
1,"TQ66"
1,"TL68"
1,"TQ78"
1,"TL73"
1,"TQ85"
1,"TF91"
1,"TG12"
1,"TR34"
1,"TR47"
1,"TM58"
2,"SM84"
2,"SM94"
2,"SN14"
2,"SN36"
2,"SN44"
2,"SN50"
2,"SH52"
2,"SN63"
2,"SN79"
2,"SO06"
2,"SO12"
3,"NL82"
3,"NF96"
3,"NR24"
3,"NM33"
3,"NG32"
3,"NB43"
3,"NG55"
3,"NG76"
3,"NG79"
3,"NR89"
3,"NG90"
3,"NX07"
3,"NS04"
3,"NN09"
3,"NN14"
3,"NC10"
3,"NC15"
3,"NH22"
3,"NX33"
3,"NH35"
3,"NX55"
3,"NN52"
6,"W02"
6,"M00"
6,"M14"
6,"R20"
6,"R33"
6,"M38"
6,"W69"
6,"G67"
6,"R79"
6,"W87"
6,"H73"
5,"H73"
6,"S82"
6,"N83"
6,"S93"
6,"O09"
6,"T11"
6,"O14"
6,"V53"
6,"H22"
5,"H22"
5,"H37"
5,"C40"
5,"H84"
5,"H88"
6,"H91"
5,"H91"
5,"J15"
5,"D20"
5,"J36"
5,"J58"
6,"L59"
6,"B83"
6,"N04"
6,"N10"
2,"SJ44"
1,"SJ44"
3,"NF68"
3,"NF95"
3,"NG13"
3,"NB14"
3,"NR33"
3,"NM32"
3,"NB32"
3,"NG46"
3,"NB55"
3,"NM69"
3,"NM73"
3,"NR87"
3,"NM97"
3,"NN02"
3,"NN10"
3,"NX27"
3,"NN24"
3,"NX36"
3,"NH40"
3,"NC45"
6,"L99"
6,"W08"
6,"G04"
6,"M12"
6,"M18"
6,"R46"
6,"M43"
6,"W59"
6,"R59"
6,"G50"
6,"W67"
6,"R67"
6,"M69"
6,"W86"
6,"R83"
6,"S85"
6,"H90"
6,"T12"
6,"T27"
5,"C50"
5,"H68"
5,"H99"
5,"J18"
5,"J35"
7,"SC26"
7,"SC28"
6,"M82"
6,"X06"
6,"S12"
1,"SW62"
1,"SX64"
1,"ST02"
1,"NY10"
1,"SO33"
1,"SJ81"
1,"NY81"
1,"NY88"
1,"SD94"
1,"SZ09"
1,"SP04"
1,"SE00"
1,"SP16"
1,"SE17"
1,"NU11"
1,"SP27"
1,"NU22"
1,"SP32"
1,"SP40"
1,"SP57"
1,"SE57"
1,"SU63"
1,"SK72"
1,"SE79"
1,"SU84"
1,"SP87"
1,"NZ81"
1,"SK98"
1,"TQ00"
1,"TF01"
1,"TA08"
1,"TF10"
1,"ST42"
1,"SJ48"
2,"SJ53"
1,"SJ53"
1,"SJ61"
1,"SD61"
1,"NY62"
1,"SO77"
1,"SD78"
3,"NC54"
3,"NC61"
3,"NN72"
3,"NS93"
3,"NY06"
3,"NT07"
3,"NT11"
3,"NT14"
3,"NY27"
3,"NT28"
3,"NJ23"
3,"NJ35"
3,"NO65"
3,"NO68"
3,"NT75"
3,"NJ74"
3,"HT28"
3,"HY61"
3,"HU39"
6,"V67"
6,"V74"
6,"V76"
6,"V86"
6,"F81"
1,"TA17"
1,"TL30"
1,"TA31"
1,"TF41"
1,"TQ51"
1,"TF74"
1,"TQ88"
1,"TQ99"
1,"TR14"
1,"TM29"
1,"TG31"
2,"SN03"
2,"SN33"
2,"SH45"
2,"SN59"
2,"SH59"
2,"SN68"
2,"SH65"
2,"SS78"
2,"SH76"
2,"SN84"
2,"SH96"
2,"SO04"
2,"SJ14"
2,"SO20"
2,"SO27"
1,"SO27"
2,"SJ24"
2,"SJ36"
1,"SJ36"
3,"NF89"
3,"NA92"
3,"NR15"
3,"NB10"
3,"NG25"
3,"NG35"
3,"NM42"
3,"NG41"
3,"NR50"
3,"NM62"
3,"NR70"
3,"NR79"
3,"NG83"
3,"NG89"
3,"NG92"
3,"NS00"
3,"NN05"
3,"NX13"
3,"NH18"
3,"NX39"
3,"NN31"
3,"NX48"
3,"NX54"
6,"M05"
6,"M09"
6,"G11"
6,"R24"
6,"R27"
6,"R43"
6,"M42"
6,"R54"
6,"R60"
6,"G68"
6,"G75"
6,"W88"
6,"N88"
6,"O11"
6,"J11"
5,"J11"
6,"O26"
5,"H35"
6,"H42"
5,"H42"
5,"H92"
5,"J03"
5,"D05"
7,"SC37"
1,"SJ19"
6,"R94"
6,"G91"
6,"S13"
6,"N14"
1,"SV81"
1,"SX46"
1,"SX57"
1,"SX99"
1,"ST01"
1,"SD17"
1,"SJ28"
2,"SO37"
1,"SO37"
1,"NY85"
1,"ST98"
1,"NT93"
1,"SP06"
1,"SK06"
1,"SU12"
1,"SK10"
1,"NZ13"
1,"SE24"
1,"SU37"
1,"SE36"
1,"SU43"
1,"SK40"
1,"SE45"
1,"SP58"
1,"SE53"
1,"NZ53"
1,"SP61"
1,"SE63"
1,"SE77"
1,"SP86"
1,"SE88"
1,"SU97"
1,"SK97"
1,"SE90"
1,"TQ04"
1,"TF00"
1,"TA07"
1,"TQ16"
1,"TF13"
1,"NY30"
1,"SY49"
1,"SO46"
1,"SO58"
1,"SD51"
1,"SD63"
1,"SJ77"
1,"NY73"
3,"NC50"
3,"NS60"
3,"NS67"
3,"NX75"
3,"NS77"
3,"NH76"
3,"NN84"
3,"NC80"
3,"NS90"
3,"NC91"
3,"NJ01"
3,"NO16"
3,"NT23"
3,"NO35"
3,"NY48"
1,"NY48"
3,"NO45"
3,"NT71"
1,"NT71"
3,"NJ93"
3,"HY63"
3,"HU38"
6,"V26"
6,"L46"
6,"V56"
6,"Q71"
6,"L78"
6,"V83"
1,"TF34"
1,"TQ41"
1,"TF44"
1,"TL56"
1,"TL82"
1,"SW65"
1,"SW81"
1,"SS14"
1,"SS64"
1,"SX84"
1,"SS84"
1,"NY01"
1,"ST22"
1,"SD27"
1,"SO34"
1,"ST85"
1,"SO84"
1,"NY80"
1,"ST96"
1,"SJ95"
1,"SU02"
1,"SE09"
1,"SU17"
1,"SP19"
1,"SK19"
1,"NU12"
1,"SP39"
1,"NZ34"
1,"SE41"
1,"NZ51"
1,"SE66"
1,"SU77"
1,"SE76"
1,"SP83"
1,"SZ99"
1,"SP97"
1,"TL05"
1,"SD38"
2,"SJ45"
1,"SJ45"
1,"NY45"
2,"ST59"
1,"ST59"
1,"SD57"
1,"ST64"
1,"NY61"
1,"SO76"
1,"NY76"
3,"NH58"
3,"NN69"
3,"NN76"
3,"NC75"
3,"NS91"
3,"NH98"
3,"NO09"
3,"NJ13"
3,"ND16"
3,"NT27"
3,"NT35"
3,"NO43"
3,"NO60"
3,"NO72"
3,"NO87"
3,"NK15"
3,"HY44"
3,"HU35"
6,"Q50"
6,"V68"
6,"V79"
6,"V87"
6,"L81"
6,"F83"
1,"TQ22"
1,"TF27"
1,"TQ39"
1,"TQ42"
1,"TQ54"
1,"TL55"
1,"TL64"
1,"TL77"
1,"TF82"
1,"TR01"
1,"SS61"
1,"SD19"
1,"ST21"
1,"SD29"
1,"SJ30"
1,"SJ87"
1,"SO91"
1,"SJ93"
1,"SD97"
1,"SZ08"
1,"SP07"
1,"SE06"
1,"NZ06"
1,"SU11"
1,"SE11"
1,"SU20"
1,"SP24"
1,"SK24"
1,"NZ22"
1,"SE37"
1,"SU44"
1,"SE43"
1,"NZ42"
1,"SE50"
1,"SU67"
1,"SK64"
1,"SU72"
1,"NZ71"
1,"SK82"
1,"SE85"
1,"SP90"
1,"SK93"
1,"TQ02"
1,"TA03"
1,"TA05"
1,"TQ15"
1,"TF12"
1,"SD33"
1,"SO43"
1,"SD45"
1,"NY41"
2,"SO51"
1,"SO51"
1,"SO65"
1,"SD62"
1,"NY65"
3,"NH54"
3,"NN60"
3,"NN68"
3,"NS78"
3,"NH73"
3,"NN93"
3,"NC92"
3,"NT04"
3,"NO07"
3,"NT21"
3,"NY39"
3,"NJ31"
3,"NT50"
3,"NT64"
3,"NJ64"
3,"NO86"
3,"HY53"
3,"HY74"
3,"HT94"
3,"HU45"
6,"V37"
6,"Q41"
6,"F51"
6,"L87"
6,"V96"
1,"TL29"
1,"TL39"
1,"TL59"
1,"TL60"
1,"TQ76"
3,"NB35"
3,"NR49"
3,"NM44"
3,"NM48"
3,"NG40"
3,"NG45"
3,"NB42"
3,"NB46"
3,"NR58"
3,"NM54"
3,"NM57"
3,"NG52"
3,"NB54"
3,"NR61"
3,"NR67"
3,"NM63"
3,"NM68"
3,"NG62"
3,"NG66"
3,"NR75"
3,"NM70"
3,"NM74"
3,"NM79"
3,"NG73"
3,"NG78"
3,"NR85"
3,"NM81"
3,"NM86"
3,"NG81"
3,"NG86"
3,"NW97"
3,"NR94"
3,"NR99"
3,"NM93"
3,"NG91"
3,"NS47"
3,"NN42"
3,"NN47"
3,"NH43"
3,"NH47"
3,"NC40"
3,"NC44"
3,"NX59"
3,"NS53"
3,"NS54"
3,"NS59"
3,"NN56"
3,"NN59"
3,"NH53"
6,"L96"
6,"F91"
6,"W04"
6,"W07"
6,"R03"
6,"R08"
6,"M03"
6,"M08"
6,"G03"
6,"W17"
6,"R10"
6,"R15"
6,"M11"
6,"M16"
6,"G13"
6,"W25"
6,"W29"
6,"R23"
6,"R28"
6,"M22"
6,"M26"
6,"G20"
6,"G23"
6,"W37"
6,"R35"
1,"TR12"
1,"TM27"
1,"TM44"
2,"SM93"
2,"SN34"
2,"SN58"
2,"SN75"
2,"SO10"
2,"ST28"
2,"ST39"
2,"SO40"
3,"NF86"
3,"NB00"
3,"NM16"
3,"NM24"
3,"NB21"
3,"NG36"
3,"NM47"
3,"NG53"
3,"NM61"
3,"NR74"
3,"NM83"
3,"NR95"
3,"NM98"
3,"NG95"
3,"NH03"
3,"NH16"
3,"NS27"
3,"NN25"
3,"NN29"
3,"NS32"
3,"NC35"
3,"NX43"
3,"NH42"
3,"NS58"
6,"W03"
6,"R04"
6,"W16"
6,"M19"
6,"R29"
6,"M28"
6,"R36"
6,"R40"
6,"R47"
6,"W57"
6,"M56"
6,"W64"
6,"M61"
6,"M65"
6,"M68"
6,"R75"
6,"M76"
6,"N84"
6,"S97"
6,"N96"
6,"O03"
6,"T17"
6,"O21"
6,"H39"
5,"H39"
5,"C84"
5,"J26"
5,"D41"
6,"G80"
6,"M90"
6,"N05"
6,"X19"
6,"S17"
6,"N20"
6,"S30"
6,"S42"
6,"N43"
6,"S58"
6,"S72"
6,"H71"
6,"R39"
6,"M33"
6,"M36"
6,"G31"
6,"W44"
6,"W49"
6,"R44"
3,"HW63"
6,"M81"
6,"M86"
6,"M89"
6,"G83"
6,"G88"
6,"B84"
6,"W99"
6,"R93"
6,"R99"
6,"M95"
6,"M98"
6,"G92"
6,"G97"
6,"B93"
6,"X09"
6,"S03"
6,"S06"
6,"N02"
6,"H00"
6,"H06"
5,"H06"
6,"C00"
6,"C04"
6,"S14"
6,"S19"
6,"N15"
6,"N17"
6,"H10"
6,"C10"
6,"C14"
6,"X29"
6,"S22"
6,"S25"
6,"S28"
6,"N22"
6,"N25"
6,"N28"
6,"H21"
5,"H21"
6,"C21"
6,"C24"
6,"X39"
6,"S33"
6,"S36"
6,"S39"
6,"N32"
6,"N37"
6,"H30"
6,"C31"
5,"C31"
6,"C35"
6,"S41"
6,"S45"
6,"S48"
6,"N41"
6,"N45"
6,"N48"
6,"H41"
5,"H41"
6,"C44"
6,"X59"
6,"S52"
6,"S55"
6,"N50"
6,"N53"
6,"N56"
6,"H50"
6,"C53"
6,"X69"
6,"S62"
6,"S65"
6,"S68"
6,"N63"
6,"N66"
6,"N69"
6,"H62"
6,"C64"
6,"S73"
6,"S77"
6,"N70"
6,"N73"
6,"N77"
6,"H70"
2,"SN64"
2,"SO11"
6,"R49"
6,"M44"
6,"M48"
6,"G47"
6,"W54"
6,"W58"
6,"R52"
6,"R58"
6,"M53"
6,"M57"
6,"G53"
6,"G58"
6,"W66"
6,"R62"
6,"R65"
6,"R69"
6,"M63"
6,"G60"
6,"G65"
6,"W74"
6,"W79"
6,"R72"
6,"R76"
6,"M71"
6,"M74"
6,"G71"
6,"G76"
6,"G79"
6,"B73"
6,"R80"
6,"R84"
6,"S80"
6,"S84"
6,"S89"
6,"N82"
6,"N89"
6,"H82"
5,"H82"
6,"S91"
6,"S96"
6,"N91"
6,"N99"
6,"T02"
6,"T06"
6,"O00"
6,"O04"
6,"O08"
6,"T10"
6,"T15"
6,"O10"
6,"O16"
6,"O19"
6,"T25"
6,"O23"
6,"J20"
5,"J20"
6,"T39"
6,"O35"
6,"H16"
5,"H16"
5,"H23"
5,"H26"
5,"H34"
5,"H43"
5,"H48"
5,"H56"
5,"H59"
5,"H66"
5,"C60"
6,"H74"
5,"H74"
5,"H78"
5,"C73"
5,"H87"
5,"C81"
5,"H94"
5,"C93"
5,"J04"
5,"J08"
5,"D02"
5,"J13"
5,"J17"
5,"D12"
5,"J22"
5,"J27"
5,"D22"
5,"J31"
5,"J39"
5,"D32"
5,"J46"
5,"J49"
5,"J55"
5,"J65"
5,"J68"
7,"SC36"
7,"NX30"
6,"Q52"
4,"WA40"
3,"NG96"
3,"NB90"
3,"NX05"
3,"NS01"
3,"NS06"
3,"NS09"
3,"NN06"
3,"NH01"
3,"NH05"
3,"NC00"
3,"NX15"
3,"NX19"
3,"NS15"
3,"NN12"
3,"NN17"
3,"NH10"
3,"NH14"
3,"NC12"
3,"NX23"
3,"NX26"
3,"NS21"
3,"NS25"
3,"NN21"
3,"NN27"
3,"NH21"
3,"NH27"
3,"NC21"
3,"NC25"
3,"NX35"
3,"NS31"
3,"NS36"
3,"NN30"
3,"NN34"
3,"NN39"
3,"NH34"
3,"NC30"
3,"NC33"
3,"NX44"
3,"NS41"
3,"NS45"
3,"NT44"
3,"NJ84"
6,"V59"
6,"Q74"
1,"TF22"
1,"TQ63"
6,"R31"
6,"G42"
6,"W78"
6,"N94"
6,"O34"
6,"C41"
5,"C41"
5,"J37"
6,"G86"
6,"N09"
1,"SW87"
3,"NN90"
3,"NT36"
3,"NT65"
3,"HU58"
6,"Q60"
6,"L82"
1,"TF30"
1,"TQ75"
3,"NJ56"
3,"HY22"
6,"Q30"
6,"F73"
1,"TA15"
1,"TL44"
1,"TL81"
3,"NX95"
3,"NO19"
3,"ND38"
3,"HY20"
3,"HU69"
6,"L65"
6,"Q92"
1,"TQ31"
5,"H13"
5,"H96"
6,"M80"
6,"B92"
6,"H19"
6,"C32"
6,"S69"
3,"NJ85"
6,"V48"
1,"TL38"
1,"TQ97"
1,"TR35"
2,"SH75"
3,"NG29"
3,"NM94"
6,"R86"
6,"T08"
5,"H05"
6,"H54"
5,"H54"
5,"J38"
6,"S01"
6,"H51"
1,"SV80"
1,"SX26"
1,"SU36"
1,"SU57"
1,"SU79"
1,"SE83"
1,"TF17"
1,"SJ52"
1,"ST76"
3,"NS81"
3,"NB20"
3,"NM66"
3,"NM88"
3,"NS16"
3,"NS24"
3,"NN43"
6,"W09"
6,"W36"
3,"NN51"
6,"R12"
6,"W23"
6,"M45"
6,"G55"
6,"M70"
6,"N95"
6,"O30"
5,"J12"
5,"D40"
6,"N00"
1,"SX14"
6,"R64"
6,"M60"
6,"M67"
6,"G63"
6,"G69"
6,"W76"
6,"R74"
6,"M78"
6,"G78"
6,"R81"
6,"R85"
6,"V19"
6,"V29"
6,"V46"
6,"V58"
6,"V66"
6,"L69"
6,"V72"
6,"Q75"
6,"L77"
6,"V85"
6,"Q84"
6,"Q85"
6,"F84"
6,"V99"
6,"Q91"
6,"L90"
6,"L92"
6,"L94"
6,"L98"
6,"F94"
6,"R05"
6,"R06"
6,"M06"
6,"W18"
6,"R18"
6,"M10"
6,"G14"
6,"R22"
6,"M23"
6,"M24"
6,"G22"
6,"W35"
6,"R37"
6,"M35"
6,"M37"
6,"W45"
6,"W46"
6,"R48"
6,"G40"
6,"G41"
6,"R50"
6,"M50"
6,"M52"
6,"G52"
6,"W68"
5,"J54"
6,"M83"
6,"M84"
6,"G82"
6,"B80"
6,"B82"
6,"W96"
6,"W97"
6,"R98"
6,"M91"
6,"M99"
6,"B91"
6,"X07"
6,"S05"
1,"SK42"
1,"SK45"
1,"SE42"
1,"SE48"
1,"NZ41"
1,"NZ46"
1,"SU50"
1,"SU55"
1,"SP51"
1,"SP55"
1,"SK50"
1,"SK54"
1,"SK59"
1,"SE54"
1,"SE59"
1,"SZ69"
1,"SU64"
1,"SU69"
1,"SP64"
1,"SP68"
1,"SK62"
1,"SK68"
1,"SE61"
1,"SE68"
1,"NZ62"
1,"SU73"
1,"SU78"
1,"SP74"
1,"SP77"
1,"SK71"
1,"SK76"
1,"SE71"
1,"SE78"
1,"SU80"
1,"SU86"
1,"SP80"
1,"SP88"
1,"SK83"
1,"SK87"
1,"SE81"
1,"SE87"
1,"SU91"
1,"SU95"
1,"SU99"
1,"SP94"
1,"SP99"
1,"SK95"
1,"SE92"
1,"SE96"
1,"NZ90"
1,"TQ05"
1,"TQ09"
1,"TL03"
1,"TL08"
1,"TF05"
1,"TF09"
1,"TA02"
1,"TQ10"
1,"TQ14"
1,"TL10"
1,"TL15"
1,"TL19"
1,"TF15"
1,"TA10"
1,"SD35"
1,"SD39"
1,"NY34"
1,"SY48"
1,"ST44"
1,"SO45"
1,"SO49"
1,"SJ46"
1,"SD42"
1,"SD46"
1,"NY40"
3,"NY47"
1,"NY47"
1,"SW21"
1,"SW43"
1,"SW61"
1,"SW71"
1,"SW75"
1,"SW85"
1,"SW94"
1,"SX05"
1,"SX09"
1,"SX17"
1,"SS11"
1,"SX28"
1,"SS22"
1,"SX38"
1,"SX44"
1,"SX48"
1,"SS42"
1,"SX55"
1,"SS50"
1,"SX63"
1,"SX69"
1,"SX73"
1,"SX76"
1,"SS72"
1,"SX85"
1,"SS80"
1,"SX94"
1,"SX97"
1,"SS92"
1,"NX92"
1,"SY09"
1,"SD09"
1,"NY04"
1,"ST10"
1,"SD16"
1,"NY13"
1,"SY28"
1,"ST24"
2,"SO28"
1,"SO28"
1,"SD20"
1,"NY22"
1,"SY38"
1,"ST32"
1,"ST36"
2,"SO38"
1,"SO38"
2,"SJ37"
1,"SJ37"
1,"SD31"
1,"ST86"
1,"SO80"
1,"SO86"
1,"SJ80"
1,"SJ85"
1,"SD81"
1,"SD85"
1,"SD89"
1,"NY86"
3,"NT83"
1,"NT83"
1,"ST90"
1,"ST93"
1,"ST99"
1,"SO94"
1,"SO97"
1,"SJ92"
1,"SJ98"
1,"SD92"
1,"SD98"
1,"NY92"
1,"NY97"
1,"NT90"
1,"SU01"
1,"SU06"
1,"SP00"
1,"SP03"
1,"SK01"
1,"SK05"
1,"SK09"
1,"SE04"
1,"NZ00"
1,"NZ04"
1,"NZ09"
1,"NU03"
1,"SZ19"
1,"SU16"
1,"SP11"
1,"SP14"
1,"SK11"
1,"SK16"
1,"SE12"
1,"SE15"
1,"NZ11"
1,"NZ17"
1,"NU10"
1,"SU21"
1,"SU25"
1,"SU29"
1,"SP23"
1,"SK20"
1,"SK25"
1,"SK29"
1,"SE26"
1,"NZ20"
1,"NZ24"
1,"NZ28"
1,"SZ38"
1,"SU31"
1,"SU38"
1,"SP33"
1,"SP38"
1,"SK32"
1,"SK37"
1,"SE32"
1,"SE35"
1,"NZ31"
1,"NZ36"
1,"NZ39"
1,"SU40"
1,"SU46"
1,"SP42"
1,"SP46"
3,"NO64"
3,"NJ60"
3,"NJ65"
3,"NT74"
3,"NO75"
3,"NO79"
3,"NJ73"
3,"NT84"
1,"NT84"
3,"NO88"
3,"NJ82"
3,"NT96"
3,"NJ91"
3,"NK02"
3,"NK06"
3,"HY10"
3,"HY31"
3,"HY35"
3,"HY42"
3,"HY52"
3,"HY60"
3,"HY75"
3,"HU14"
3,"HZ26"
3,"HU26"
3,"HU32"
3,"HU36"
3,"HU42"
3,"HU48"
3,"HU54"
3,"HU59"
3,"HU68"
4,"WV27"
4,"WV37"
4,"WV47"
4,"WV54"
4,"WA50"
4,"WV65"
4,"WV74"
4,"WV76"
6,"V36"
6,"V44"
6,"V47"
6,"L45"
6,"V57"
6,"L54"
6,"F50"
6,"V65"
6,"Q64"
6,"L66"
6,"F61"
6,"V73"
6,"V78"
6,"Q73"
6,"L72"
6,"L75"
6,"L79"
6,"F72"
6,"V84"
6,"V89"
6,"Q82"
6,"L83"
6,"L86"
6,"F82"
6,"V93"
6,"V97"
6,"Q93"
6,"Q96"
1,"TA14"
1,"TQ23"
1,"TQ28"
1,"TL24"
1,"TL27"
1,"TF23"
1,"TF29"
1,"TA24"
1,"TA27"
1,"TQ36"
1,"TL32"
1,"TL36"
1,"TF33"
1,"TF38"
1,"TQ40"
1,"TQ46"
1,"TL41"
1,"TL46"
1,"TF40"
1,"TF48"
1,"TA42"
1,"TQ53"
1,"TQ58"
1,"TL54"
1,"TF51"
1,"TF58"
1,"TQ61"
1,"TQ67"
1,"TL62"
1,"TL67"
1,"TF62"
1,"TQ71"
1,"TQ79"
1,"TL74"
1,"TL79"
1,"TF73"
1,"TQ83"
1,"TQ89"
1,"TL85"
1,"TL89"
1,"TF84"
1,"TQ95"
1,"TL91"
1,"TL97"
1,"TF92"
1,"TR03"
1,"TR09"
1,"TM05"
1,"TG01"
1,"TG04"
1,"TM11"
1,"TM16"
1,"TG10"
1,"TR23"
1,"TR27"
1,"TM26"
1,"TG21"
1,"TR33"
1,"TM35"
1,"TM39"
1,"TR46"
1,"TM49"
1,"TG51"
2,"SM62"
2,"SM72"
2,"SM80"
2,"SM83"
2,"SM92"
2,"SN02"
2,"SN12"
2,"SH13"
2,"SN24"
2,"SH24"
2,"SS38"
2,"SN32"
2,"SH34"
2,"SH39"
2,"SN42"
2,"SH44"
2,"SH48"
2,"SN51"
2,"SN55"
2,"SH50"
2,"SH55"
2,"SS68"
2,"SN61"
2,"SN69"
2,"SH63"
2,"SH68"
2,"SN70"
2,"SN74"
2,"SH71"
2,"SH74"
2,"SS88"
2,"SN82"
2,"SN88"
2,"SH83"
2,"SH86"
2,"SS99"
2,"SN94"
2,"SN99"
2,"SH93"
2,"ST07"
2,"SO01"
2,"SO08"
2,"SJ01"
2,"SJ04"
2,"ST17"
2,"SO13"
2,"SO17"
1,"SO17"
2,"SJ12"
2,"SJ17"
2,"ST29"
2,"SO25"
1,"SO25"
2,"SJ23"
1,"SJ23"
2,"SO30"
2,"SJ34"
1,"SJ34"
2,"SO41"
1,"SO41"
3,"NA10"
3,"NF56"
3,"NF60"
3,"NA64"
3,"NF71"
3,"NF76"
3,"NF80"
3,"NF83"
3,"NA81"
3,"NF97"
3,"NA90"
3,"NG07"
3,"NB01"
3,"NR16"
3,"NM15"
3,"NG15"
3,"NB12"
3,"NR27"
3,"NM26"
3,"NG23"
1,"ST50"
1,"ST54"
2,"ST58"
1,"ST58"
1,"SO52"
1,"SO56"
1,"SJ51"
1,"SJ56"
1,"SD52"
1,"SD56"
1,"NY50"
1,"NY54"
3,"NY58"
1,"NY58"
1,"SY69"
1,"ST62"
1,"ST67"
1,"SO63"
1,"SO68"
1,"SJ64"
1,"SJ68"
1,"SD66"
1,"SD69"
1,"NY66"
1,"SY78"
1,"ST71"
1,"ST77"
1,"SO72"
1,"SO78"
1,"SJ72"
1,"SJ79"
1,"SD72"
1,"SD76"
1,"NY72"
1,"NY78"
1,"SY89"
1,"ST82"
3,"NH57"
3,"NC55"
3,"NX66"
3,"NX69"
3,"NS65"
3,"NN61"
3,"NN65"
3,"NH60"
3,"NH64"
3,"NH68"
3,"NC62"
3,"NC66"
3,"NX78"
3,"NS71"
3,"NS76"
3,"NN73"
3,"NN78"
3,"NH72"
3,"NH77"
3,"NC72"
3,"NX84"
3,"NX87"
3,"NS82"
3,"NS86"
3,"NN82"
3,"NN86"
3,"NH80"
3,"NH85"
3,"NC81"
3,"NC84"
3,"NX97"
3,"NS95"
3,"NS99"
3,"NN95"
3,"NH90"
3,"NH94"
3,"NC93"
3,"NC96"
3,"NT02"
3,"NT08"
3,"NO01"
3,"NO08"
3,"NJ04"
3,"ND02"
3,"ND07"
3,"NY18"
3,"NT12"
3,"NT18"
3,"NO11"
3,"NO17"
3,"NJ12"
3,"ND12"
3,"ND15"
3,"NY28"
3,"NT24"
3,"NO20"
3,"NO23"
3,"NO27"
3,"NJ21"
3,"NJ26"
3,"ND24"
3,"ND29"
3,"NT31"
3,"NT34"
3,"NO31"
3,"NO37"
3,"NJ33"
3,"ND33"
3,"ND37"
3,"NT42"
3,"NT46"
3,"NO41"
3,"NO48"
3,"NJ41"
3,"NJ45"
3,"NT51"
3,"NT55"
3,"NT59"
3,"NO53"
3,"NO58"
3,"NJ52"
3,"NT60"
1,"NT60"
3,"NT66"
3,"NT69"
3,"NB23"
3,"NR34"
3,"NR39"
3,"NM37"
3,"NG30"
3,"NG38"
3,"NB31"
6,"N07"
6,"H03"
5,"H03"
6,"X17"
6,"S10"
6,"C13"
6,"S24"
6,"N23"
6,"H29"
5,"H29"
6,"S31"
6,"S38"
6,"N36"
6,"N38"
6,"X49"
6,"S47"
6,"N47"
6,"C45"
6,"S56"
6,"N55"
6,"C54"
6,"S66"
6,"N65"
6,"H64"
5,"H64"
6,"S75"
6,"S78"
6,"N75"
6,"S83"
6,"N87"
6,"S92"
6,"S95"
6,"N92"
6,"N98"
6,"T09"
6,"J00"
6,"T16"
6,"O12"
6,"T26"
6,"T28"
6,"T37"
5,"H15"
6,"H17"
5,"H17"
6,"H32"
5,"H32"
5,"H55"
5,"C51"
5,"H69"
5,"C62"
5,"H77"
5,"H79"
5,"C80"
5,"C83"
5,"H98"
5,"C94"
5,"D01"
5,"J19"
5,"D11"
5,"D14"
5,"J28"
5,"J34"
5,"J48"
1,"SW32"
1,"SX07"
1,"SX49"
1,"SS70"
1,"ST00"
2,"ST26"
1,"ST26"
1,"ST35"
1,"SJ83"
1,"ST91"
1,"SD96"
1,"SP08"
1,"SK12"
1,"SU23"
1,"SE29"
1,"SP36"
1,"SZ48"
1,"SK49"
1,"SP54"
1,"SU66"
1,"SE69"
1,"SK77"
1,"SK81"
1,"SP96"
1,"TQ07"
1,"TQ12"
1,"SD36"
1,"SJ41"
1,"ST57"
1,"SO59"
1,"SY68"
1,"SD65"
1,"SJ70"
1,"ST80"
3,"NN63"
3,"NH69"
3,"NH70"
3,"NN80"
3,"NS96"
3,"NT03"
3,"NT10"
3,"ND13"
3,"NJ24"
3,"NO39"
3,"NJ42"
3,"NJ55"
3,"NO74"
3,"NT95"
1,"NT95"
3,"HY43"
3,"HU33"
1,"TQ25"
1,"TQ33"
1,"TQ45"
1,"TQ55"
1,"TF61"
1,"TQ84"
1,"TL92"
1,"TG02"
1,"TM28"
2,"SM50"
2,"SH28"
2,"SS59"
2,"SH64"
2,"SN83"
2,"SH97"
2,"SO21"
3,"NL69"
3,"NF99"
3,"NM22"
3,"NG37"
3,"NB44"
3,"NR65"
3,"NM72"
3,"NG82"
3,"NG97"
3,"NH04"
3,"NN13"
3,"NS23"
3,"NC23"
3,"NH33"
3,"NN46"
1,"TM36"
1,"SX87"
1,"SP71"
3,"HP62"
3,"NX06"
2,"SO26"
1,"SO26"
3,"NG47"
7,"SC47"
1,"SU53"
3,"NH81"
3,"NO06"
1,"TL53"
3,"NL68"
3,"NS44"
3,"NS48"
1,"SW98"
1,"SK60"
1,"TQ73"
1,"TM01"
3,"NF72"
3,"NH39"
1,"SS75"
1,"SU52"
1,"ST72"
1,"TQ26"
1,"SS52"
1,"SK63"
3,"NN92"
1,"TM15"
1,"SX79"
1,"SU58"
1,"SO75"
1,"TF26"
1,"TR06"
3,"NM76"
1,"TM47"
1,"SW74"
1,"SX33"
1,"SX66"
1,"SS90"
1,"NY14"
1,"NY21"
1,"SO81"
3,"NT81"
1,"NT81"
1,"SD93"
1,"SP09"
1,"SU18"
1,"NZ16"
1,"SE21"
1,"SP31"
1,"SZ49"
1,"NZ45"
1,"SE52"
1,"SK66"
1,"SP78"
1,"SP82"
1,"SK92"
1,"TL09"
1,"TL17"
1,"ST46"
1,"ST51"
1,"NY51"
1,"SJ65"
1,"SO71"
1,"SY87"
3,"NS68"
3,"NH65"
3,"NN77"
3,"NN83"
3,"NN91"
3,"NO02"
3,"NO15"
3,"NO26"
3,"NO36"
3,"NJ43"
3,"NT62"
3,"NJ66"
3,"NJ90"
3,"HY45"
3,"HU28"
3,"HU66"
1,"TQ27"
1,"TQ38"
1,"TL43"
1,"TL58"
1,"TL69"
1,"TQ82"
1,"TL98"
1,"TM12"
1,"TM34"
2,"SN15"
2,"SN46"
2,"SN66"
2,"SN80"
2,"ST06"
2,"ST18"
2,"SO31"
3,"NA74"
3,"NM19"
3,"NR36"
3,"NM45"
3,"NG50"
3,"NR71"
3,"NM84"
3,"NG94"
3,"NH06"
3,"NC01"
3,"NC11"
3,"NH28"
3,"NH30"
3,"NN48"
3,"NN57"
1,"SU33"
3,"HU06"
3,"NN53"
1,"TL95"
3,"NG54"
1,"SU62"
1,"TL20"
2,"SH87"
3,"NX47"
1,"SK48"
3,"NH78"
1,"TQ91"
2,"SJ07"
3,"NH24"
1,"SP47"
1,"SO61"
1,"TA23"
1,"SE25"
3,"NN81"
1,"TM24"
1,"SE30"
1,"SJ57"
1,"TQ20"
2,"SH95"
3,"NH31"
4,"WV48"
4,"WV75"
